SKU,ProductID,Region,Warehouse,OnHandQty,ReorderPoint,LastUpdated
SKU-C300-A15,C300,US,WHS-EWR,110,80,2025-09-09
SKU-C300-A15,C300,EU,WHS-AMS,26,80,2025-09-06
SKU-C300-A15,C300,APAC,WHS-SIN,64,80,2025-10-04
SKU-C300-A15,C300,MEA,WHS-JNB,152,80,2025-10-03
SKU-C300-A15,C300,LATAM,WHS-MEX,73,80,2025-09-07
SKU-C301-A20,C301,US,WHS-SEA,96,80,2025-10-21
SKU-C301-A20,C301,EU,WHS-CDG,186,80,2025-10-09
SKU-C301-A20,C301,APAC,WHS-SIN,31,80,2025-09-15
SKU-C301-A20,C301,MEA,WHS-JNB,198,80,2025-10-18
SKU-C301-A20,C301,LATAM,WHS-MEX,206,80,2025-09-11
SKU-C302-B30,C302,US,WHS-DFW,175,80,2025-10-11
SKU-C302-B30,C302,EU,WHS-CDG,223,80,2025-09-05
SKU-C302-B30,C302,APAC,WHS-TYO,190,80,2025-09-13
SKU-C302-B30,C302,MEA,WHS-JNB,137,80,2025-09-20
SKU-C302-B30,C302,LATAM,WHS-MEX,178,80,2025-10-03
SKU-C303-E50,C303,US,WHS-EWR,99,80,2025-09-12
SKU-C303-E50,C303,EU,WHS-AMS,130,80,2025-10-05
SKU-C303-E50,C303,APAC,WHS-SYD,175,80,2025-09-01
SKU-C303-E50,C303,MEA,WHS-DXB,140,80,2025-10-09
SKU-C303-E50,C303,LATAM,WHS-MEX,185,80,2025-10-06
SKU-C304-E40,C304,US,WHS-SEA,69,80,2025-09-12
SKU-C304-E40,C304,EU,WHS-FRA,80,80,2025-10-12
SKU-C304-E40,C304,APAC,WHS-SYD,187,80,2025-10-19
SKU-C304-E40,C304,MEA,WHS-DXB,71,80,2025-10-07
SKU-C304-E40,C304,LATAM,WHS-MEX,161,80,2025-09-04
SKU-C305-D40,C305,US,WHS-SEA,104,80,2025-09-14
SKU-C305-D40,C305,EU,WHS-CDG,154,80,2025-09-02
SKU-C305-D40,C305,APAC,WHS-SYD,122,80,2025-10-16
SKU-C305-D40,C305,MEA,WHS-DXB,177,80,2025-10-03
SKU-C305-D40,C305,LATAM,WHS-MEX,94,80,2025-09-10
SKU-C306-C30,C306,US,WHS-EWR,148,80,2025-09-14
SKU-C306-C30,C306,EU,WHS-FRA,146,80,2025-09-10
SKU-C306-C30,C306,APAC,WHS-SYD,109,80,2025-09-29
SKU-C306-C30,C306,MEA,WHS-DXB,210,80,2025-09-28
SKU-C306-C30,C306,LATAM,WHS-GRU,123,80,2025-10-09
SKU-C307-D50,C307,US,WHS-EWR,196,80,2025-09-17
SKU-C307-D50,C307,EU,WHS-CDG,35,80,2025-09-18
SKU-C307-D50,C307,APAC,WHS-SIN,178,80,2025-09-27
SKU-C307-D50,C307,MEA,WHS-DXB,243,80,2025-10-03
SKU-C307-D50,C307,LATAM,WHS-MEX,150,80,2025-09-04
SKU-C308-E25,C308,US,WHS-SEA,154,80,2025-10-20
SKU-C308-E25,C308,EU,WHS-FRA,123,80,2025-09-22
SKU-C308-E25,C308,APAC,WHS-SYD,122,80,2025-09-11
SKU-C308-E25,C308,MEA,WHS-DXB,192,80,2025-10-05
SKU-C308-E25,C308,LATAM,WHS-MEX,24,80,2025-09-15
SKU-C309-X50,C309,US,WHS-EWR,165,80,2025-09-12
SKU-C309-X50,C309,EU,WHS-FRA,116,80,2025-10-09
SKU-C309-X50,C309,APAC,WHS-SIN,202,80,2025-09-13
SKU-C309-X50,C309,MEA,WHS-DXB,191,80,2025-10-18
SKU-C309-X50,C309,LATAM,WHS-MEX,82,80,2025-10-16
SKU-C310-E45,C310,US,WHS-EWR,88,80,2025-10-16
SKU-C310-E45,C310,EU,WHS-FRA,136,80,2025-09-18
SKU-C310-E45,C310,APAC,WHS-TYO,109,80,2025-10-03
SKU-C310-E45,C310,MEA,WHS-DXB,117,80,2025-10-02
SKU-C310-E45,C310,LATAM,WHS-GRU,145,80,2025-09-29
SKU-C311-E50,C311,US,WHS-SEA,154,80,2025-09-05
SKU-C311-E50,C311,EU,WHS-CDG,66,80,2025-10-14
SKU-C311-E50,C311,APAC,WHS-TYO,48,80,2025-09-10
SKU-C311-E50,C311,MEA,WHS-JNB,69,80,2025-09-30
SKU-C311-E50,C311,LATAM,WHS-GRU,186,80,2025-10-11
SKU-C312-C30,C312,US,WHS-SEA,114,80,2025-10-05
SKU-C312-C30,C312,EU,WHS-AMS,138,80,2025-09-27
SKU-C312-C30,C312,APAC,WHS-SYD,186,80,2025-09-16
SKU-C312-C30,C312,MEA,WHS-DXB,96,80,2025-09-15
SKU-C312-C30,C312,LATAM,WHS-GRU,69,80,2025-09-27
SKU-C313-A45,C313,US,WHS-DFW,171,80,2025-10-10
SKU-C313-A45,C313,EU,WHS-AMS,154,80,2025-09-20
SKU-C313-A45,C313,APAC,WHS-TYO,157,80,2025-09-11
SKU-C313-A45,C313,MEA,WHS-DXB,279,80,2025-09-29
SKU-C313-A45,C313,LATAM,WHS-GRU,161,80,2025-09-10
SKU-C314-X35,C314,US,WHS-SEA,110,80,2025-10-08
SKU-C314-X35,C314,EU,WHS-AMS,244,80,2025-09-08
SKU-C314-X35,C314,APAC,WHS-SYD,210,80,2025-09-19
SKU-C314-X35,C314,MEA,WHS-DXB,129,80,2025-09-27
SKU-C314-X35,C314,LATAM,WHS-MEX,194,80,2025-09-29
SKU-C315-D50,C315,US,WHS-EWR,162,80,2025-10-02
SKU-C315-D50,C315,EU,WHS-AMS,115,80,2025-09-18
SKU-C315-D50,C315,APAC,WHS-TYO,115,80,2025-10-04
SKU-C315-D50,C315,MEA,WHS-DXB,184,80,2025-10-01
SKU-C315-D50,C315,LATAM,WHS-GRU,158,80,2025-10-03
SKU-C316-E40,C316,US,WHS-SEA,169,80,2025-09-15
SKU-C316-E40,C316,EU,WHS-FRA,137,80,2025-09-23
SKU-C316-E40,C316,APAC,WHS-SYD,208,80,2025-09-25
SKU-C316-E40,C316,MEA,WHS-DXB,88,80,2025-09-26
SKU-C316-E40,C316,LATAM,WHS-GRU,127,80,2025-09-23
SKU-C317-D25,C317,US,WHS-EWR,116,80,2025-09-28
SKU-C317-D25,C317,EU,WHS-AMS,82,80,2025-09-23
SKU-C317-D25,C317,APAC,WHS-SYD,208,80,2025-10-15
SKU-C317-D25,C317,MEA,WHS-JNB,112,80,2025-10-12
SKU-C317-D25,C317,LATAM,WHS-GRU,92,80,2025-09-30
SKU-C318-C50,C318,US,WHS-EWR,164,80,2025-10-06
SKU-C318-C50,C318,EU,WHS-FRA,103,80,2025-09-03
SKU-C318-C50,C318,APAC,WHS-SYD,137,80,2025-10-01
SKU-C318-C50,C318,MEA,WHS-JNB,86,80,2025-10-03
SKU-C318-C50,C318,LATAM,WHS-MEX,64,80,2025-09-28
SKU-C319-A10,C319,US,WHS-EWR,113,80,2025-09-20
SKU-C319-A10,C319,EU,WHS-FRA,168,80,2025-10-06
SKU-C319-A10,C319,APAC,WHS-SYD,166,80,2025-10-13
SKU-C319-A10,C319,MEA,WHS-DXB,221,80,2025-10-14
SKU-C319-A10,C319,LATAM,WHS-GRU,155,80,2025-10-11
SKU-C320-B45,C320,US,WHS-DFW,173,80,2025-10-14
SKU-C320-B45,C320,EU,WHS-AMS,148,80,2025-10-21
SKU-C320-B45,C320,APAC,WHS-TYO,136,80,2025-10-08
SKU-C320-B45,C320,MEA,WHS-DXB,271,80,2025-09-22
SKU-C320-B45,C320,LATAM,WHS-GRU,174,80,2025-10-06
SKU-C321-B20,C321,US,WHS-EWR,130,80,2025-09-26
SKU-C321-B20,C321,EU,WHS-CDG,101,80,2025-09-12
SKU-C321-B20,C321,APAC,WHS-TYO,115,80,2025-09-08
SKU-C321-B20,C321,MEA,WHS-DXB,193,80,2025-09-02
SKU-C321-B20,C321,LATAM,WHS-MEX,135,80,2025-10-01
SKU-C322-A25,C322,US,WHS-DFW,120,80,2025-10-02
SKU-C322-A25,C322,EU,WHS-AMS,220,80,2025-09-24
SKU-C322-A25,C322,APAC,WHS-SYD,66,80,2025-09-02
SKU-C322-A25,C322,MEA,WHS-JNB,98,80,2025-10-06
SKU-C322-A25,C322,LATAM,WHS-MEX,5,80,2025-10-11
SKU-C323-B45,C323,US,WHS-DFW,133,80,2025-09-08
SKU-C323-B45,C323,EU,WHS-AMS,171,80,2025-09-17
SKU-C323-B45,C323,APAC,WHS-TYO,211,80,2025-10-10
SKU-C323-B45,C323,MEA,WHS-JNB,199,80,2025-09-02
SKU-C323-B45,C323,LATAM,WHS-MEX,72,80,2025-09-25
SKU-C324-A35,C324,US,WHS-SEA,177,80,2025-09-24
SKU-C324-A35,C324,EU,WHS-CDG,148,80,2025-10-05
SKU-C324-A35,C324,APAC,WHS-SIN,247,80,2025-09-18
SKU-C324-A35,C324,MEA,WHS-JNB,232,80,2025-09-19
SKU-C324-A35,C324,LATAM,WHS-MEX,203,80,2025-09-11
SKU-C325-C30,C325,US,WHS-EWR,49,80,2025-09-25
SKU-C325-C30,C325,EU,WHS-FRA,153,80,2025-09-05
SKU-C325-C30,C325,APAC,WHS-SIN,137,80,2025-09-14
SKU-C325-C30,C325,MEA,WHS-DXB,127,80,2025-10-18
SKU-C325-C30,C325,LATAM,WHS-GRU,229,80,2025-09-10
SKU-C326-A55,C326,US,WHS-DFW,115,80,2025-09-15
SKU-C326-A55,C326,EU,WHS-FRA,262,80,2025-09-04
SKU-C326-A55,C326,APAC,WHS-TYO,134,80,2025-09-17
SKU-C326-A55,C326,MEA,WHS-DXB,200,80,2025-10-17
SKU-C326-A55,C326,LATAM,WHS-GRU,172,80,2025-09-10
SKU-C327-D20,C327,US,WHS-EWR,186,80,2025-10-06
SKU-C327-D20,C327,EU,WHS-FRA,29,80,2025-10-20
SKU-C327-D20,C327,APAC,WHS-SIN,88,80,2025-09-28
SKU-C327-D20,C327,MEA,WHS-DXB,148,80,2025-09-03
SKU-C327-D20,C327,LATAM,WHS-MEX,121,80,2025-10-17
SKU-C328-C35,C328,US,WHS-DFW,90,80,2025-09-28
SKU-C328-C35,C328,EU,WHS-FRA,184,80,2025-10-11
SKU-C328-C35,C328,APAC,WHS-SYD,139,80,2025-10-19
SKU-C328-C35,C328,MEA,WHS-DXB,110,80,2025-10-09
SKU-C328-C35,C328,LATAM,WHS-GRU,160,80,2025-09-20
SKU-C329-X55,C329,US,WHS-SEA,47,80,2025-09-06
SKU-C329-X55,C329,EU,WHS-FRA,145,80,2025-09-11
SKU-C329-X55,C329,APAC,WHS-SIN,192,80,2025-09-03
SKU-C329-X55,C329,MEA,WHS-DXB,157,80,2025-09-21
SKU-C329-X55,C329,LATAM,WHS-GRU,130,80,2025-09-08
SKU-C330-C10,C330,US,WHS-DFW,227,80,2025-09-11
SKU-C330-C10,C330,EU,WHS-FRA,80,80,2025-09-12
SKU-C330-C10,C330,APAC,WHS-SIN,116,80,2025-10-09
SKU-C330-C10,C330,MEA,WHS-JNB,292,80,2025-10-14
SKU-C330-C10,C330,LATAM,WHS-GRU,194,80,2025-09-24
SKU-C331-X55,C331,US,WHS-SEA,192,80,2025-09-28
SKU-C331-X55,C331,EU,WHS-AMS,270,80,2025-09-26
SKU-C331-X55,C331,APAC,WHS-TYO,196,80,2025-09-17
SKU-C331-X55,C331,MEA,WHS-JNB,132,80,2025-09-15
SKU-C331-X55,C331,LATAM,WHS-MEX,159,80,2025-09-02
SKU-C332-E20,C332,US,WHS-EWR,280,80,2025-10-16
SKU-C332-E20,C332,EU,WHS-FRA,117,80,2025-09-11
SKU-C332-E20,C332,APAC,WHS-SIN,170,80,2025-09-10
SKU-C332-E20,C332,MEA,WHS-JNB,168,80,2025-10-11
SKU-C332-E20,C332,LATAM,WHS-GRU,235,80,2025-09-29
SKU-C333-B50,C333,US,WHS-EWR,76,80,2025-10-10
SKU-C333-B50,C333,EU,WHS-CDG,230,80,2025-09-03
SKU-C333-B50,C333,APAC,WHS-TYO,204,80,2025-10-06
SKU-C333-B50,C333,MEA,WHS-DXB,173,80,2025-09-29
SKU-C333-B50,C333,LATAM,WHS-MEX,150,80,2025-09-02
SKU-C334-X25,C334,US,WHS-EWR,168,80,2025-10-11
SKU-C334-X25,C334,EU,WHS-AMS,161,80,2025-10-13
SKU-C334-X25,C334,APAC,WHS-TYO,128,80,2025-10-03
SKU-C334-X25,C334,MEA,WHS-DXB,180,80,2025-09-04
SKU-C334-X25,C334,LATAM,WHS-GRU,190,80,2025-10-02
SKU-C335-D35,C335,US,WHS-SEA,57,80,2025-10-15
SKU-C335-D35,C335,EU,WHS-AMS,198,80,2025-09-11
SKU-C335-D35,C335,APAC,WHS-SYD,70,80,2025-10-12
SKU-C335-D35,C335,MEA,WHS-DXB,157,80,2025-10-03
SKU-C335-D35,C335,LATAM,WHS-GRU,197,80,2025-09-24
SKU-C336-X25,C336,US,WHS-DFW,131,80,2025-10-16
SKU-C336-X25,C336,EU,WHS-CDG,258,80,2025-09-13
SKU-C336-X25,C336,APAC,WHS-SYD,87,80,2025-09-25
SKU-C336-X25,C336,MEA,WHS-JNB,182,80,2025-09-22
SKU-C336-X25,C336,LATAM,WHS-MEX,99,80,2025-10-08
SKU-C337-E25,C337,US,WHS-EWR,241,80,2025-09-11
SKU-C337-E25,C337,EU,WHS-AMS,346,80,2025-09-25
SKU-C337-E25,C337,APAC,WHS-SIN,84,80,2025-09-18
SKU-C337-E25,C337,MEA,WHS-DXB,185,80,2025-10-21
SKU-C337-E25,C337,LATAM,WHS-GRU,167,80,2025-10-08
SKU-C338-X55,C338,US,WHS-EWR,58,80,2025-09-21
SKU-C338-X55,C338,EU,WHS-AMS,55,80,2025-10-12
SKU-C338-X55,C338,APAC,WHS-SYD,147,80,2025-09-17
SKU-C338-X55,C338,MEA,WHS-JNB,223,80,2025-09-11
SKU-C338-X55,C338,LATAM,WHS-MEX,197,80,2025-09-18
SKU-C339-B45,C339,US,WHS-SEA,206,80,2025-10-02
SKU-C339-B45,C339,EU,WHS-FRA,159,80,2025-09-10
SKU-C339-B45,C339,APAC,WHS-TYO,164,80,2025-10-19
SKU-C339-B45,C339,MEA,WHS-DXB,125,80,2025-10-07
SKU-C339-B45,C339,LATAM,WHS-MEX,189,80,2025-09-19
SKU-C340-C20,C340,US,WHS-EWR,158,80,2025-10-03
SKU-C340-C20,C340,EU,WHS-AMS,33,80,2025-10-16
SKU-C340-C20,C340,APAC,WHS-SIN,124,80,2025-09-06
SKU-C340-C20,C340,MEA,WHS-DXB,166,80,2025-09-07
SKU-C340-C20,C340,LATAM,WHS-MEX,101,80,2025-09-18
SKU-C341-E55,C341,US,WHS-SEA,53,80,2025-10-09
SKU-C341-E55,C341,EU,WHS-AMS,204,80,2025-09-29
SKU-C341-E55,C341,APAC,WHS-SYD,84,80,2025-09-17
SKU-C341-E55,C341,MEA,WHS-DXB,168,80,2025-10-17
SKU-C341-E55,C341,LATAM,WHS-MEX,121,80,2025-10-12
SKU-C342-D45,C342,US,WHS-DFW,60,80,2025-09-07
SKU-C342-D45,C342,EU,WHS-FRA,94,80,2025-10-02
SKU-C342-D45,C342,APAC,WHS-SYD,105,80,2025-09-20
SKU-C342-D45,C342,MEA,WHS-DXB,233,80,2025-09-05
SKU-C342-D45,C342,LATAM,WHS-MEX,191,80,2025-09-18
SKU-C343-C30,C343,US,WHS-DFW,229,80,2025-09-14
SKU-C343-C30,C343,EU,WHS-CDG,180,80,2025-10-03
SKU-C343-C30,C343,APAC,WHS-SYD,282,80,2025-09-28
SKU-C343-C30,C343,MEA,WHS-JNB,155,80,2025-09-30
SKU-C343-C30,C343,LATAM,WHS-MEX,88,80,2025-09-26
SKU-C344-C25,C344,US,WHS-EWR,0,80,2025-10-15
SKU-C344-C25,C344,EU,WHS-AMS,42,80,2025-09-08
SKU-C344-C25,C344,APAC,WHS-SIN,27,80,2025-10-18
SKU-C344-C25,C344,MEA,WHS-DXB,174,80,2025-10-14
SKU-C344-C25,C344,LATAM,WHS-MEX,181,80,2025-09-04
SKU-C345-E20,C345,US,WHS-EWR,184,80,2025-10-05
SKU-C345-E20,C345,EU,WHS-CDG,215,80,2025-10-18
SKU-C345-E20,C345,APAC,WHS-SIN,70,80,2025-09-23
SKU-C345-E20,C345,MEA,WHS-JNB,206,80,2025-09-16
SKU-C345-E20,C345,LATAM,WHS-MEX,242,80,2025-10-03
SKU-C346-D55,C346,US,WHS-SEA,127,80,2025-09-29
SKU-C346-D55,C346,EU,WHS-AMS,124,80,2025-09-02
SKU-C346-D55,C346,APAC,WHS-SIN,193,80,2025-09-06
SKU-C346-D55,C346,MEA,WHS-DXB,115,80,2025-09-14
SKU-C346-D55,C346,LATAM,WHS-MEX,57,80,2025-10-09
SKU-C347-C55,C347,US,WHS-DFW,254,80,2025-10-16
SKU-C347-C55,C347,EU,WHS-FRA,127,80,2025-10-17
SKU-C347-C55,C347,APAC,WHS-TYO,102,80,2025-09-22
SKU-C347-C55,C347,MEA,WHS-DXB,179,80,2025-09-09
SKU-C347-C55,C347,LATAM,WHS-GRU,92,80,2025-10-12
SKU-C348-B50,C348,US,WHS-SEA,64,80,2025-10-03
SKU-C348-B50,C348,EU,WHS-AMS,94,80,2025-09-22
SKU-C348-B50,C348,APAC,WHS-SIN,129,80,2025-09-11
SKU-C348-B50,C348,MEA,WHS-DXB,186,80,2025-10-01
SKU-C348-B50,C348,LATAM,WHS-GRU,235,80,2025-09-17
SKU-C349-B30,C349,US,WHS-DFW,233,80,2025-09-04
SKU-C349-B30,C349,EU,WHS-FRA,106,80,2025-09-11
SKU-C349-B30,C349,APAC,WHS-SYD,190,80,2025-09-20
SKU-C349-B30,C349,MEA,WHS-DXB,131,80,2025-10-11
SKU-C349-B30,C349,LATAM,WHS-MEX,205,80,2025-10-05
SKU-C350-X40,C350,US,WHS-EWR,248,80,2025-09-29
SKU-C350-X40,C350,EU,WHS-FRA,142,80,2025-09-07
SKU-C350-X40,C350,APAC,WHS-TYO,114,80,2025-10-01
SKU-C350-X40,C350,MEA,WHS-JNB,176,80,2025-10-14
SKU-C350-X40,C350,LATAM,WHS-GRU,196,80,2025-10-18
SKU-C351-E55,C351,US,WHS-DFW,161,80,2025-09-15
SKU-C351-E55,C351,EU,WHS-CDG,187,80,2025-09-30
SKU-C351-E55,C351,APAC,WHS-TYO,272,80,2025-10-04
SKU-C351-E55,C351,MEA,WHS-DXB,122,80,2025-09-17
SKU-C351-E55,C351,LATAM,WHS-GRU,134,80,2025-10-04
SKU-C352-E20,C352,US,WHS-EWR,65,80,2025-09-08
SKU-C352-E20,C352,EU,WHS-CDG,105,80,2025-09-21
SKU-C352-E20,C352,APAC,WHS-TYO,129,80,2025-09-11
SKU-C352-E20,C352,MEA,WHS-DXB,107,80,2025-10-01
SKU-C352-E20,C352,LATAM,WHS-MEX,155,80,2025-10-02
SKU-C353-X45,C353,US,WHS-DFW,99,80,2025-10-07
SKU-C353-X45,C353,EU,WHS-AMS,140,80,2025-09-07
SKU-C353-X45,C353,APAC,WHS-SYD,191,80,2025-10-02
SKU-C353-X45,C353,MEA,WHS-JNB,167,80,2025-09-11
SKU-C353-X45,C353,LATAM,WHS-MEX,129,80,2025-09-07
SKU-C354-E10,C354,US,WHS-DFW,166,80,2025-09-25
SKU-C354-E10,C354,EU,WHS-FRA,278,80,2025-09-09
SKU-C354-E10,C354,APAC,WHS-TYO,210,80,2025-10-08
SKU-C354-E10,C354,MEA,WHS-JNB,165,80,2025-09-22
SKU-C354-E10,C354,LATAM,WHS-MEX,152,80,2025-10-07
SKU-C355-A50,C355,US,WHS-EWR,101,80,2025-09-12
SKU-C355-A50,C355,EU,WHS-AMS,97,80,2025-10-20
SKU-C355-A50,C355,APAC,WHS-SIN,102,80,2025-09-21
SKU-C355-A50,C355,MEA,WHS-DXB,80,80,2025-09-30
SKU-C355-A50,C355,LATAM,WHS-GRU,195,80,2025-09-19
SKU-C356-C40,C356,US,WHS-DFW,147,80,2025-10-11
SKU-C356-C40,C356,EU,WHS-AMS,51,80,2025-10-07
SKU-C356-C40,C356,APAC,WHS-SYD,58,80,2025-10-15
SKU-C356-C40,C356,MEA,WHS-JNB,166,80,2025-10-01
SKU-C356-C40,C356,LATAM,WHS-GRU,111,80,2025-10-05
SKU-C357-A10,C357,US,WHS-EWR,68,80,2025-10-13
SKU-C357-A10,C357,EU,WHS-FRA,195,80,2025-09-24
SKU-C357-A10,C357,APAC,WHS-SIN,100,80,2025-10-09
SKU-C357-A10,C357,MEA,WHS-DXB,203,80,2025-09-20
SKU-C357-A10,C357,LATAM,WHS-MEX,114,80,2025-10-16
SKU-C358-B30,C358,US,WHS-SEA,146,80,2025-10-16
SKU-C358-B30,C358,EU,WHS-CDG,216,80,2025-09-05
SKU-C358-B30,C358,APAC,WHS-TYO,132,80,2025-09-01
SKU-C358-B30,C358,MEA,WHS-DXB,55,80,2025-10-06
SKU-C358-B30,C358,LATAM,WHS-GRU,181,80,2025-09-14
SKU-C359-X25,C359,US,WHS-EWR,74,80,2025-10-03
SKU-C359-X25,C359,EU,WHS-CDG,66,80,2025-09-08
SKU-C359-X25,C359,APAC,WHS-SIN,104,80,2025-10-13
SKU-C359-X25,C359,MEA,WHS-DXB,139,80,2025-10-14
SKU-C359-X25,C359,LATAM,WHS-MEX,148,80,2025-09-07
SKU-C360-A35,C360,US,WHS-SEA,144,80,2025-10-14
SKU-C360-A35,C360,EU,WHS-CDG,135,80,2025-10-16
SKU-C360-A35,C360,APAC,WHS-SYD,232,80,2025-09-01
SKU-C360-A35,C360,MEA,WHS-JNB,197,80,2025-09-04
SKU-C360-A35,C360,LATAM,WHS-MEX,184,80,2025-09-06
SKU-C361-C15,C361,US,WHS-DFW,195,80,2025-09-21
SKU-C361-C15,C361,EU,WHS-CDG,143,80,2025-10-15
SKU-C361-C15,C361,APAC,WHS-SIN,155,80,2025-10-03
SKU-C361-C15,C361,MEA,WHS-JNB,80,80,2025-09-23
SKU-C361-C15,C361,LATAM,WHS-GRU,184,80,2025-09-01
SKU-C362-B30,C362,US,WHS-EWR,127,80,2025-09-13
SKU-C362-B30,C362,EU,WHS-FRA,117,80,2025-09-15
SKU-C362-B30,C362,APAC,WHS-SIN,143,80,2025-09-14
SKU-C362-B30,C362,MEA,WHS-DXB,148,80,2025-09-18
SKU-C362-B30,C362,LATAM,WHS-MEX,163,80,2025-10-14
SKU-C363-B35,C363,US,WHS-DFW,242,80,2025-09-26
SKU-C363-B35,C363,EU,WHS-CDG,90,80,2025-09-02
SKU-C363-B35,C363,APAC,WHS-SIN,94,80,2025-10-09
SKU-C363-B35,C363,MEA,WHS-JNB,225,80,2025-09-08
SKU-C363-B35,C363,LATAM,WHS-MEX,165,80,2025-10-03
SKU-C364-E55,C364,US,WHS-SEA,275,80,2025-09-28
SKU-C364-E55,C364,EU,WHS-AMS,72,80,2025-10-13
SKU-C364-E55,C364,APAC,WHS-SIN,152,80,2025-09-02
SKU-C364-E55,C364,MEA,WHS-DXB,80,80,2025-09-28
SKU-C364-E55,C364,LATAM,WHS-MEX,163,80,2025-09-11
SKU-C365-E35,C365,US,WHS-DFW,204,80,2025-10-17
SKU-C365-E35,C365,EU,WHS-AMS,146,80,2025-10-06
SKU-C365-E35,C365,APAC,WHS-SIN,142,80,2025-09-23
SKU-C365-E35,C365,MEA,WHS-JNB,102,80,2025-09-17
SKU-C365-E35,C365,LATAM,WHS-GRU,191,80,2025-09-11
SKU-C366-C20,C366,US,WHS-SEA,236,80,2025-09-10
SKU-C366-C20,C366,EU,WHS-FRA,111,80,2025-09-08
SKU-C366-C20,C366,APAC,WHS-SYD,105,80,2025-10-21
SKU-C366-C20,C366,MEA,WHS-DXB,230,80,2025-09-11
SKU-C366-C20,C366,LATAM,WHS-MEX,174,80,2025-10-03
SKU-C367-C25,C367,US,WHS-EWR,230,80,2025-10-07
SKU-C367-C25,C367,EU,WHS-FRA,194,80,2025-10-06
SKU-C367-C25,C367,APAC,WHS-TYO,72,80,2025-09-27
SKU-C367-C25,C367,MEA,WHS-JNB,71,80,2025-10-05
SKU-C367-C25,C367,LATAM,WHS-GRU,157,80,2025-10-17
SKU-C368-C55,C368,US,WHS-SEA,196,80,2025-09-16
SKU-C368-C55,C368,EU,WHS-AMS,212,80,2025-09-09
SKU-C368-C55,C368,APAC,WHS-SIN,62,80,2025-10-19
SKU-C368-C55,C368,MEA,WHS-DXB,120,80,2025-09-16
SKU-C368-C55,C368,LATAM,WHS-MEX,179,80,2025-09-16
SKU-C369-E50,C369,US,WHS-SEA,193,80,2025-10-01
SKU-C369-E50,C369,EU,WHS-CDG,170,80,2025-09-25
SKU-C369-E50,C369,APAC,WHS-TYO,126,80,2025-09-22
SKU-C369-E50,C369,MEA,WHS-JNB,180,80,2025-10-19
SKU-C369-E50,C369,LATAM,WHS-GRU,97,80,2025-09-15
SKU-C370-C20,C370,US,WHS-EWR,271,80,2025-09-04
SKU-C370-C20,C370,EU,WHS-AMS,199,80,2025-10-03
SKU-C370-C20,C370,APAC,WHS-SIN,190,80,2025-09-03
SKU-C370-C20,C370,MEA,WHS-DXB,72,80,2025-09-13
SKU-C370-C20,C370,LATAM,WHS-GRU,82,80,2025-09-17
SKU-C371-E40,C371,US,WHS-SEA,124,80,2025-10-20
SKU-C371-E40,C371,EU,WHS-AMS,163,80,2025-10-19
SKU-C371-E40,C371,APAC,WHS-SIN,73,80,2025-09-22
SKU-C371-E40,C371,MEA,WHS-DXB,151,80,2025-09-28
SKU-C371-E40,C371,LATAM,WHS-MEX,62,80,2025-09-05
SKU-C372-A35,C372,US,WHS-EWR,139,80,2025-10-20
SKU-C372-A35,C372,EU,WHS-AMS,225,80,2025-09-16
SKU-C372-A35,C372,APAC,WHS-SYD,112,80,2025-09-10
SKU-C372-A35,C372,MEA,WHS-DXB,126,80,2025-09-20
SKU-C372-A35,C372,LATAM,WHS-MEX,181,80,2025-09-21
SKU-C373-E45,C373,US,WHS-SEA,222,80,2025-10-16
SKU-C373-E45,C373,EU,WHS-CDG,104,80,2025-09-28
SKU-C373-E45,C373,APAC,WHS-SIN,210,80,2025-10-08
SKU-C373-E45,C373,MEA,WHS-DXB,122,80,2025-10-02
SKU-C373-E45,C373,LATAM,WHS-GRU,118,80,2025-10-18
SKU-C374-E45,C374,US,WHS-EWR,210,80,2025-10-18
SKU-C374-E45,C374,EU,WHS-FRA,129,80,2025-10-11
SKU-C374-E45,C374,APAC,WHS-SIN,153,80,2025-09-19
SKU-C374-E45,C374,MEA,WHS-DXB,93,80,2025-09-22
SKU-C374-E45,C374,LATAM,WHS-GRU,97,80,2025-09-07
SKU-C375-X25,C375,US,WHS-EWR,186,80,2025-10-18
SKU-C375-X25,C375,EU,WHS-CDG,137,80,2025-10-16
SKU-C375-X25,C375,APAC,WHS-SIN,241,80,2025-10-03
SKU-C375-X25,C375,MEA,WHS-JNB,159,80,2025-09-11
SKU-C375-X25,C375,LATAM,WHS-GRU,177,80,2025-10-13
SKU-C376-A25,C376,US,WHS-SEA,169,80,2025-09-28
SKU-C376-A25,C376,EU,WHS-AMS,99,80,2025-10-13
SKU-C376-A25,C376,APAC,WHS-TYO,181,80,2025-09-06
SKU-C376-A25,C376,MEA,WHS-DXB,202,80,2025-09-30
SKU-C376-A25,C376,LATAM,WHS-GRU,140,80,2025-10-15
SKU-C377-D10,C377,US,WHS-SEA,269,80,2025-10-13
SKU-C377-D10,C377,EU,WHS-AMS,115,80,2025-09-07
SKU-C377-D10,C377,APAC,WHS-SIN,124,80,2025-09-27
SKU-C377-D10,C377,MEA,WHS-DXB,196,80,2025-10-05
SKU-C377-D10,C377,LATAM,WHS-MEX,194,80,2025-09-24
SKU-C378-D40,C378,US,WHS-DFW,233,80,2025-09-16
SKU-C378-D40,C378,EU,WHS-AMS,119,80,2025-10-13
SKU-C378-D40,C378,APAC,WHS-SYD,253,80,2025-09-22
SKU-C378-D40,C378,MEA,WHS-DXB,178,80,2025-09-03
SKU-C378-D40,C378,LATAM,WHS-MEX,220,80,2025-09-27
SKU-C379-D50,C379,US,WHS-EWR,179,80,2025-09-28
SKU-C379-D50,C379,EU,WHS-FRA,183,80,2025-09-10
SKU-C379-D50,C379,APAC,WHS-SIN,245,80,2025-09-05
SKU-C379-D50,C379,MEA,WHS-DXB,208,80,2025-10-05
SKU-C379-D50,C379,LATAM,WHS-GRU,241,80,2025-09-17
SKU-C380-D55,C380,US,WHS-EWR,143,80,2025-09-07
SKU-C380-D55,C380,EU,WHS-AMS,37,80,2025-10-03
SKU-C380-D55,C380,APAC,WHS-SYD,205,80,2025-10-02
SKU-C380-D55,C380,MEA,WHS-JNB,196,80,2025-09-13
SKU-C380-D55,C380,LATAM,WHS-GRU,58,80,2025-10-13
SKU-C381-D35,C381,US,WHS-DFW,159,80,2025-10-07
SKU-C381-D35,C381,EU,WHS-AMS,72,80,2025-09-19
SKU-C381-D35,C381,APAC,WHS-SIN,123,80,2025-10-08
SKU-C381-D35,C381,MEA,WHS-JNB,253,80,2025-09-09
SKU-C381-D35,C381,LATAM,WHS-GRU,2,80,2025-09-05
SKU-C382-E30,C382,US,WHS-DFW,107,80,2025-09-28
SKU-C382-E30,C382,EU,WHS-FRA,103,80,2025-10-13
SKU-C382-E30,C382,APAC,WHS-SYD,213,80,2025-09-02
SKU-C382-E30,C382,MEA,WHS-DXB,129,80,2025-10-08
SKU-C382-E30,C382,LATAM,WHS-GRU,64,80,2025-10-21
SKU-C383-E15,C383,US,WHS-EWR,157,80,2025-10-21
SKU-C383-E15,C383,EU,WHS-FRA,75,80,2025-09-08
SKU-C383-E15,C383,APAC,WHS-TYO,162,80,2025-09-16
SKU-C383-E15,C383,MEA,WHS-DXB,0,80,2025-09-15
SKU-C383-E15,C383,LATAM,WHS-MEX,116,80,2025-09-23
SKU-C384-C50,C384,US,WHS-SEA,110,80,2025-10-15
SKU-C384-C50,C384,EU,WHS-AMS,175,80,2025-09-27
SKU-C384-C50,C384,APAC,WHS-SYD,131,80,2025-09-18
SKU-C384-C50,C384,MEA,WHS-DXB,129,80,2025-09-29
SKU-C384-C50,C384,LATAM,WHS-MEX,199,80,2025-09-12
SKU-C385-A35,C385,US,WHS-SEA,250,80,2025-09-09
SKU-C385-A35,C385,EU,WHS-FRA,161,80,2025-10-05
SKU-C385-A35,C385,APAC,WHS-SYD,104,80,2025-09-28
SKU-C385-A35,C385,MEA,WHS-DXB,227,80,2025-10-11
SKU-C385-A35,C385,LATAM,WHS-GRU,179,80,2025-10-13
SKU-C386-E50,C386,US,WHS-DFW,70,80,2025-10-16
SKU-C386-E50,C386,EU,WHS-FRA,252,80,2025-09-08
SKU-C386-E50,C386,APAC,WHS-TYO,186,80,2025-09-06
SKU-C386-E50,C386,MEA,WHS-DXB,181,80,2025-09-01
SKU-C386-E50,C386,LATAM,WHS-GRU,219,80,2025-09-03
SKU-C387-E10,C387,US,WHS-DFW,299,80,2025-09-06
SKU-C387-E10,C387,EU,WHS-AMS,97,80,2025-10-08
SKU-C387-E10,C387,APAC,WHS-TYO,169,80,2025-10-18
SKU-C387-E10,C387,MEA,WHS-JNB,27,80,2025-10-12
SKU-C387-E10,C387,LATAM,WHS-GRU,146,80,2025-09-20
SKU-C388-C15,C388,US,WHS-EWR,175,80,2025-09-14
SKU-C388-C15,C388,EU,WHS-AMS,29,80,2025-10-17
SKU-C388-C15,C388,APAC,WHS-TYO,225,80,2025-09-09
SKU-C388-C15,C388,MEA,WHS-JNB,213,80,2025-09-23
SKU-C388-C15,C388,LATAM,WHS-GRU,193,80,2025-10-10
SKU-C389-C10,C389,US,WHS-DFW,39,80,2025-10-13
SKU-C389-C10,C389,EU,WHS-CDG,212,80,2025-09-09
SKU-C389-C10,C389,APAC,WHS-SYD,178,80,2025-09-02
SKU-C389-C10,C389,MEA,WHS-JNB,110,80,2025-09-28
SKU-C389-C10,C389,LATAM,WHS-GRU,170,80,2025-09-03
SKU-C390-B20,C390,US,WHS-EWR,214,80,2025-09-19
SKU-C390-B20,C390,EU,WHS-AMS,162,80,2025-09-08
SKU-C390-B20,C390,APAC,WHS-SYD,299,80,2025-10-16
SKU-C390-B20,C390,MEA,WHS-JNB,227,80,2025-10-20
SKU-C390-B20,C390,LATAM,WHS-MEX,164,80,2025-10-04
SKU-C391-X55,C391,US,WHS-DFW,156,80,2025-09-16
SKU-C391-X55,C391,EU,WHS-CDG,279,80,2025-10-03
SKU-C391-X55,C391,APAC,WHS-SYD,142,80,2025-09-25
SKU-C391-X55,C391,MEA,WHS-JNB,109,80,2025-09-19
SKU-C391-X55,C391,LATAM,WHS-MEX,251,80,2025-10-16
SKU-C392-B55,C392,US,WHS-SEA,109,80,2025-09-17
SKU-C392-B55,C392,EU,WHS-AMS,171,80,2025-09-21
SKU-C392-B55,C392,APAC,WHS-SYD,162,80,2025-10-14
SKU-C392-B55,C392,MEA,WHS-DXB,195,80,2025-10-17
SKU-C392-B55,C392,LATAM,WHS-MEX,241,80,2025-09-23
SKU-C393-D15,C393,US,WHS-EWR,243,80,2025-09-20
SKU-C393-D15,C393,EU,WHS-AMS,14,80,2025-09-24
SKU-C393-D15,C393,APAC,WHS-SIN,189,80,2025-10-19
SKU-C393-D15,C393,MEA,WHS-JNB,218,80,2025-10-17
SKU-C393-D15,C393,LATAM,WHS-GRU,189,80,2025-09-15
SKU-C394-C30,C394,US,WHS-DFW,172,80,2025-10-12
SKU-C394-C30,C394,EU,WHS-CDG,149,80,2025-10-14
SKU-C394-C30,C394,APAC,WHS-TYO,125,80,2025-10-11
SKU-C394-C30,C394,MEA,WHS-JNB,151,80,2025-10-15
SKU-C394-C30,C394,LATAM,WHS-GRU,190,80,2025-09-18
SKU-C395-X20,C395,US,WHS-EWR,151,80,2025-09-04
SKU-C395-X20,C395,EU,WHS-AMS,112,80,2025-09-24
SKU-C395-X20,C395,APAC,WHS-TYO,67,80,2025-09-03
SKU-C395-X20,C395,MEA,WHS-JNB,127,80,2025-10-09
SKU-C395-X20,C395,LATAM,WHS-MEX,216,80,2025-10-21
SKU-C396-C20,C396,US,WHS-SEA,165,80,2025-09-22
SKU-C396-C20,C396,EU,WHS-AMS,180,80,2025-10-01
SKU-C396-C20,C396,APAC,WHS-SIN,106,80,2025-10-17
SKU-C396-C20,C396,MEA,WHS-DXB,149,80,2025-10-02
SKU-C396-C20,C396,LATAM,WHS-GRU,128,80,2025-09-24
SKU-C397-B30,C397,US,WHS-SEA,81,80,2025-09-18
SKU-C397-B30,C397,EU,WHS-AMS,23,80,2025-09-03
SKU-C397-B30,C397,APAC,WHS-SYD,89,80,2025-09-09
SKU-C397-B30,C397,MEA,WHS-JNB,128,80,2025-09-27
SKU-C397-B30,C397,LATAM,WHS-MEX,271,80,2025-09-19
SKU-C398-A20,C398,US,WHS-DFW,87,80,2025-09-10
SKU-C398-A20,C398,EU,WHS-AMS,69,80,2025-09-10
SKU-C398-A20,C398,APAC,WHS-SYD,80,80,2025-09-12
SKU-C398-A20,C398,MEA,WHS-DXB,186,80,2025-09-23
SKU-C398-A20,C398,LATAM,WHS-MEX,131,80,2025-09-04
SKU-C399-A10,C399,US,WHS-EWR,208,80,2025-09-16
SKU-C399-A10,C399,EU,WHS-AMS,160,80,2025-09-03
SKU-C399-A10,C399,APAC,WHS-SIN,171,80,2025-09-04
SKU-C399-A10,C399,MEA,WHS-JNB,115,80,2025-09-28
SKU-C399-A10,C399,LATAM,WHS-GRU,145,80,2025-09-10
SKU-C400-E15,C400,US,WHS-DFW,125,80,2025-10-03
SKU-C400-E15,C400,EU,WHS-FRA,201,80,2025-09-08
SKU-C400-E15,C400,APAC,WHS-TYO,130,80,2025-09-29
SKU-C400-E15,C400,MEA,WHS-JNB,166,80,2025-10-09
SKU-C400-E15,C400,LATAM,WHS-MEX,164,80,2025-09-02
SKU-C401-D55,C401,US,WHS-DFW,189,80,2025-09-25
SKU-C401-D55,C401,EU,WHS-FRA,313,80,2025-09-25
SKU-C401-D55,C401,APAC,WHS-SIN,152,80,2025-10-18
SKU-C401-D55,C401,MEA,WHS-JNB,79,80,2025-09-08
SKU-C401-D55,C401,LATAM,WHS-MEX,89,80,2025-09-22
SKU-C402-C50,C402,US,WHS-SEA,176,80,2025-10-14
SKU-C402-C50,C402,EU,WHS-FRA,87,80,2025-10-10
SKU-C402-C50,C402,APAC,WHS-SYD,262,80,2025-09-13
SKU-C402-C50,C402,MEA,WHS-DXB,131,80,2025-09-02
SKU-C402-C50,C402,LATAM,WHS-GRU,189,80,2025-09-19
SKU-C403-A55,C403,US,WHS-SEA,155,80,2025-09-13
SKU-C403-A55,C403,EU,WHS-CDG,206,80,2025-09-16
SKU-C403-A55,C403,APAC,WHS-SIN,153,80,2025-10-01
SKU-C403-A55,C403,MEA,WHS-JNB,64,80,2025-09-08
SKU-C403-A55,C403,LATAM,WHS-GRU,148,80,2025-10-07
SKU-C404-D55,C404,US,WHS-DFW,98,80,2025-10-04
SKU-C404-D55,C404,EU,WHS-CDG,156,80,2025-10-09
SKU-C404-D55,C404,APAC,WHS-SIN,46,80,2025-10-03
SKU-C404-D55,C404,MEA,WHS-JNB,250,80,2025-09-08
SKU-C404-D55,C404,LATAM,WHS-GRU,122,80,2025-09-14
SKU-C405-X45,C405,US,WHS-DFW,125,80,2025-09-20
SKU-C405-X45,C405,EU,WHS-AMS,150,80,2025-09-24
SKU-C405-X45,C405,APAC,WHS-SIN,130,80,2025-09-15
SKU-C405-X45,C405,MEA,WHS-DXB,82,80,2025-09-22
SKU-C405-X45,C405,LATAM,WHS-MEX,156,80,2025-09-16
SKU-C406-E30,C406,US,WHS-EWR,132,80,2025-09-28
SKU-C406-E30,C406,EU,WHS-FRA,260,80,2025-09-22
SKU-C406-E30,C406,APAC,WHS-SYD,143,80,2025-09-16
SKU-C406-E30,C406,MEA,WHS-JNB,128,80,2025-10-11
SKU-C406-E30,C406,LATAM,WHS-GRU,144,80,2025-10-04
SKU-C407-D40,C407,US,WHS-EWR,68,80,2025-09-20
SKU-C407-D40,C407,EU,WHS-AMS,205,80,2025-10-01
SKU-C407-D40,C407,APAC,WHS-SYD,167,80,2025-10-01
SKU-C407-D40,C407,MEA,WHS-JNB,125,80,2025-09-01
SKU-C407-D40,C407,LATAM,WHS-GRU,146,80,2025-10-13
SKU-C408-X50,C408,US,WHS-DFW,310,80,2025-09-30
SKU-C408-X50,C408,EU,WHS-FRA,154,80,2025-10-09
SKU-C408-X50,C408,APAC,WHS-SYD,226,80,2025-09-12
SKU-C408-X50,C408,MEA,WHS-JNB,154,80,2025-10-06
SKU-C408-X50,C408,LATAM,WHS-MEX,109,80,2025-09-11
SKU-C409-D55,C409,US,WHS-SEA,81,80,2025-09-17
SKU-C409-D55,C409,EU,WHS-CDG,149,80,2025-09-29
SKU-C409-D55,C409,APAC,WHS-SIN,149,80,2025-09-20
SKU-C409-D55,C409,MEA,WHS-JNB,144,80,2025-09-14
SKU-C409-D55,C409,LATAM,WHS-GRU,128,80,2025-09-05
SKU-C410-A20,C410,US,WHS-SEA,146,80,2025-09-06
SKU-C410-A20,C410,EU,WHS-FRA,103,80,2025-09-24
SKU-C410-A20,C410,APAC,WHS-SIN,173,80,2025-09-28
SKU-C410-A20,C410,MEA,WHS-JNB,98,80,2025-10-03
SKU-C410-A20,C410,LATAM,WHS-MEX,137,80,2025-09-19
SKU-C411-D25,C411,US,WHS-EWR,84,80,2025-09-23
SKU-C411-D25,C411,EU,WHS-CDG,134,80,2025-09-24
SKU-C411-D25,C411,APAC,WHS-SYD,107,80,2025-09-11
SKU-C411-D25,C411,MEA,WHS-DXB,173,80,2025-10-03
SKU-C411-D25,C411,LATAM,WHS-MEX,122,80,2025-09-08
SKU-C412-C55,C412,US,WHS-DFW,167,80,2025-09-19
SKU-C412-C55,C412,EU,WHS-CDG,228,80,2025-09-14
SKU-C412-C55,C412,APAC,WHS-SIN,121,80,2025-09-25
SKU-C412-C55,C412,MEA,WHS-JNB,189,80,2025-09-22
SKU-C412-C55,C412,LATAM,WHS-MEX,107,80,2025-09-19
SKU-C413-A10,C413,US,WHS-SEA,158,80,2025-10-10
SKU-C413-A10,C413,EU,WHS-CDG,180,80,2025-09-24
SKU-C413-A10,C413,APAC,WHS-SIN,132,80,2025-09-24
SKU-C413-A10,C413,MEA,WHS-JNB,125,80,2025-09-09
SKU-C413-A10,C413,LATAM,WHS-MEX,96,80,2025-10-14
SKU-C414-D10,C414,US,WHS-SEA,134,80,2025-09-22
SKU-C414-D10,C414,EU,WHS-FRA,119,80,2025-09-27
SKU-C414-D10,C414,APAC,WHS-SIN,232,80,2025-09-24
SKU-C414-D10,C414,MEA,WHS-DXB,115,80,2025-09-26
SKU-C414-D10,C414,LATAM,WHS-GRU,140,80,2025-09-11
SKU-C415-X50,C415,US,WHS-EWR,118,80,2025-09-13
SKU-C415-X50,C415,EU,WHS-CDG,219,80,2025-10-05
SKU-C415-X50,C415,APAC,WHS-TYO,188,80,2025-09-24
SKU-C415-X50,C415,MEA,WHS-JNB,150,80,2025-09-17
SKU-C415-X50,C415,LATAM,WHS-GRU,86,80,2025-09-12
SKU-C416-B35,C416,US,WHS-EWR,142,80,2025-09-30
SKU-C416-B35,C416,EU,WHS-FRA,290,80,2025-09-24
SKU-C416-B35,C416,APAC,WHS-SYD,160,80,2025-09-04
SKU-C416-B35,C416,MEA,WHS-DXB,178,80,2025-09-25
SKU-C416-B35,C416,LATAM,WHS-GRU,129,80,2025-09-21
SKU-C417-X25,C417,US,WHS-EWR,0,80,2025-09-26
SKU-C417-X25,C417,EU,WHS-CDG,142,80,2025-09-03
SKU-C417-X25,C417,APAC,WHS-TYO,100,80,2025-10-05
SKU-C417-X25,C417,MEA,WHS-JNB,0,80,2025-09-13
SKU-C417-X25,C417,LATAM,WHS-GRU,229,80,2025-09-05
SKU-C418-A40,C418,US,WHS-EWR,120,80,2025-09-12
SKU-C418-A40,C418,EU,WHS-CDG,247,80,2025-09-12
SKU-C418-A40,C418,APAC,WHS-TYO,234,80,2025-10-12
SKU-C418-A40,C418,MEA,WHS-DXB,138,80,2025-10-15
SKU-C418-A40,C418,LATAM,WHS-GRU,227,80,2025-10-13
SKU-C419-E15,C419,US,WHS-EWR,141,80,2025-09-21
SKU-C419-E15,C419,EU,WHS-AMS,130,80,2025-10-06
SKU-C419-E15,C419,APAC,WHS-SYD,102,80,2025-09-09
SKU-C419-E15,C419,MEA,WHS-JNB,203,80,2025-10-17
SKU-C419-E15,C419,LATAM,WHS-GRU,108,80,2025-09-09
